{
  "seed": 1550151727,
  "genomes": {
    "0": [
      {
        "fitness": 82.00625,
        "genes": [
          -0.0028293818857649047,
          0.04383088927394821,
          0.020136124873636044,
          -0.034879178858725136,
          0.025867300265884158,
          -0.04910670201124545,
          -0.011992130970215217,
          -0.03277543462452835,
          0.01071318647461468,
          -0.005983785663882024,
          0.009180457580151333,
          0.021087160218149728,
          0.04865318995762598,
          0.010419736770785247,
          -0.015043966738475904,
          -0.040809620509087575,
          0.010339311135739118,
          -0.017286484727134892,
          -0.008416961014960977,
          -0.020257810681870284,
          -0.013096546650036588,
          0.022201929032020687,
          -0.015412966490805369,
          -0.024897582886108695,
          0.03756505171423881,
          -0.047703503019277366,
          -0.04747470717797075,
          -0.02843449098808809,
          -0.019716030683097997,
          -0.006317590415066979,
          -0.02475354393942926,
          0.041861528165918094,
          -0.04014495823521176,
          -0.048630529203027954,
          -0.0456048609908719,
          -0.040091123483778815,
          -0.010165395294250666,
          -0.0037067565499011024,
          0.04034306248293505,
          0.016370417002091048,
          0.023318252949351886,
          -0.02728542763396824,
          0.016012674021478573,
          -0.0002817507312359441,
          0.021151012785456863,
          -0.026374366270646044,
          -0.020048377565496246,
          -0.029266957460910417,
          0.031024617441264543,
          0.025620797438347234,
          0.020116811581824018,
          0.029003822152623468,
          0.04874365713527702,
          0.025581272725615528,
          -0.005150620981309327,
          0.040267410497714484,
          -0.019021633188651133,
          0.0356373373663159,
          -0.04138857487676008,
          0.03911940112742478,
          0.020900395887416726,
          0.04618171638869677,
          0.04511977498860391,
          -0.007820189467181972,
          0.004983919661939881,
          -0.02341320261420479,
          0.015235571003996112,
          -0.02603898068710138,
          -0.023932952238926865,
          0.04282529982686854,
          -0.023072213888917503,
          0.013461325977308342,
          -0.03127698120917931,
          0.018491459094147275,
          -0.018541552408826732,
          0.009276241101319513,
          -0.038211717271390624,
          0.03276694502895047,
          0.01384325505037251,
          -0.012830301502871115,
          0.02433615243159551,
          -0.029083234030333294,
          -0.004532499801397805,
          -0.048783939369759804,
          -0.029944755945320513,
          0.026039416573514662,
          -0.002011285123261042,
          -0.039157027859114596,
          0.015173674394518083,
          0.02837659012107517,
          0.01890422846236496,
          0.031834291529336076,
          -0.009173799580983556,
          0.01646703333287411,
          0.042041611978338944,
          -0.0008860839384840918,
          0.04563481498163671,
          0.021180684460624044,
          -0.0073105093443577435,
          -0.037037709526381225,
          0.01235130211587817,
          0.00826443202877749,
          0.04937531732773487,
          0.00012402338235993626,
          0.047481267304108066,
          -0.04579073272169457,
          0.026743420538063875,
          -0.022954542160994552,
          0.02354208736270262,
          0.016958050867763447,
          -0.03331324174024565,
          0.005040642973757614,
          0.025519574569268344,
          0.01738687000509051,
          -0.01759782371166755,
          0.0031302452742802064,
          0.018421835477090337,
          0.03234341388839573,
          0.03799150224738429,
          0.03245447077204107
        ]
      },
      {
        "fitness": 32.00064102564102,
        "genes": [
          0.03244870170180161,
          0.023929804214001538,
          -0.03513727168736665,
          0.014282919065171817,
          -0.04749524547171183,
          0.028350197503010405,
          0.037108021337857414,
          -0.024696076025966254,
          0.022738446751779468,
          -0.018034333445361088,
          -0.03553818401016903,
          -0.016574847912969863,
          -0.023676526807016342,
          -0.0004430520974905497,
          -0.0006510438689927428,
          0.0006889858875181454,
          0.04449081848062934,
          0.045081482181068444,
          0.004155136274883675,
          0.01149420250826838,
          0.03214228409323479,
          0.02252042023049082,
          -0.007139803485917549,
          -0.04881003560958517,
          0.016341048624390772,
          -0.038855633877541575,
          0.034984783091613084,
          0.04338276267382668,
          -0.04904607405056316,
          -0.019275780778880126,
          -0.012889705192806876,
          -0.02718876875217693,
          0.02186924797554353,
          0.022417480518536384,
          -0.028839463464880134,
          -0.02395044563952572,
          0.03693075018392941,
          0.02307013191054927,
          -0.010754486275798468,
          -0.039082354348049846,
          -0.003669028712661185,
          0.047736421189099376,
          0.013283432081151264,
          -0.015462554702316701,
          -0.008460593786352978,
          -0.04237928947552786,
          -0.034007553350500375,
          0.028638397783418604,
          -0.012166286448596943,
          -0.02755201708199121,
          0.031306166209432926,
          -0.012408362855994892,
          0.04919172687394109,
          0.034486115437025275,
          -0.0339573702394365,
          0.037071042722902264,
          0.01656251734025241,
          0.03492745289409675,
          -0.04563144523260502,
          0.03753897186153335,
          0.04752405953674259,
          -0.0003277648187475779,
          -0.03612750821840476,
          -0.0020449750855248555,
          0.015415530804108277,
          0.0007625916374532568,
          -0.009723837411101569,
          -0.0064241853756929895,
          0.0036317858311425075,
          0.02895515661944066,
          0.04515308085287113,
          0.03543957008782239,
          0.0219743105961024,
          0.016955541190111417,
          -0.022657440747297142,
          -0.03716241833486594,
          0.03896226118447589,
          0.022428460499856723,
          -0.023726028689692414,
          -0.02774508015402303,
          -0.015338186035634006,
          -0.0014594194616816755,
          0.0015027395432527652,
          -0.02108838819851505,
          -0.03250849480809184,
          0.035028884897693735,
          0.01885923887420614,
          0.010702804634173044,
          -0.020316515267581905,
          -0.03402824280504918,
          0.003629982066832828,
          -0.023868152557195346,
          -0.04372427080262717,
          0.04327710856510532,
          0.002846116282060232,
          -0.03658244371988816,
          -0.02340627120826575,
          0.038474232123700644,
          -0.025795078455883025,
          -0.025932943645992947,
          0.015595183848065547,
          -0.035479690227728955,
          -0.00653981083461521,
          0.0004897496759272771,
          -0.036658435541637335,
          0.04182922803194655,
          0.011072032920412443,
          -0.04940160333056362,
          0.04307533141557486,
          0.011070290648498127,
          0.022567397280072413,
          0.0008989558559867467,
          0.007423019941678058,
          0.0074681746970797006,
          -0.002852627618630345,
          -0.02966835680254687,
          0.0015641570140731281,
          0.03417482084568267,
          -0.0035801808401901974,
          0.008921784639838337
        ]
      },
      {
        "fitness": 41.03333333333333,